name,datetime,temp,feelslike,dew,humidity,precip,precipprob,preciptype,snow,snowdepth,windgust,windspeed,winddir,sealevelpressure,cloudcover,visibility,solarradiation,solarenergy,uvindex,severerisk,conditions,icon,stations
"Lierde, Vlaanderen, BelgiÃ«",2023-06-24T00:00:00,17.3,17.3,13.1,76.08,0,0,,0,0,7.9,6.2,259,1025.1,100,10,0,0,0,10,Overcast,cloudy,"EBCV,EBCI,EBAW,LFQQ,EBBR"
"Lierde, Vlaanderen, BelgiÃ«",2023-06-24T01:00:00,16.7,16.7,13.2,79.66,0,0,,0,0,7.9,5.5,218,1025.1,100,10,0,0,0,10,Overcast,cloudy,"EBCV,EBCI,EBAW,LFQQ,EBBR"
"Lierde, Vlaanderen, BelgiÃ«",2023-06-24T02:00:00,15.8,15.8,12.7,81.87,0,0,,0,0,7.2,6.5,233,1025.1,100,10,0,0,0,10,Overcast,cloudy,"EBCV,EBCI,EBAW,LFQQ,EBBR"
"Lierde, Vlaanderen, BelgiÃ«",2023-06-24T03:00:00,14.9,14.9,12,82.56,0,0,,0,0,7.6,6.7,216,1025.1,100,10,0,0,0,10,Overcast,cloudy,"EBCV,EBCI,EBAW,LFQQ,EBBR"
"Lierde, Vlaanderen, BelgiÃ«",2023-06-24T04:00:00,13.9,13.9,11.8,86.79,0,0,,0,0,7.9,7.7,209,1025.1,100,10,0,0,0,10,Overcast,cloudy,"EBCV,EBCI,EBAW,LFQQ,EBBR"
"Lierde, Vlaanderen, BelgiÃ«",2023-06-24T05:00:00,12.9,12.9,11.3,90.28,0,0,,0,0,7.6,6.8,210,1025.1,100,10,0,0,0,10,Overcast,cloudy,"EBCV,EBCI,EBAW,LFQQ,EBBR"
"Lierde, Vlaanderen, BelgiÃ«",2023-06-24T06:00:00,13.4,13.4,11.2,86.76,0,0,,0,0,7.2,5.8,202,1025.1,100,10,14,0.1,0,10,Overcast,cloudy,"EBCV,EBCI,EBAW,LFQQ,AT575,EBBR"
"Lierde, Vlaanderen, BelgiÃ«",2023-06-24T07:00:00,14.4,14.4,12.5,88.12,0,0,,0,0,7.6,8.7,209,1025.1,0,10,127,0.5,1,10,Clear,clear-day,"EBCV,EBCI,EBAW,LFQQ,AT575,EBBR"
"Lierde, Vlaanderen, BelgiÃ«",2023-06-24T08:00:00,16.4,16.4,13.1,81.03,0,0,,0,0,12.6,7.8,221,1025.1,0,10,260,0.9,3,10,Clear,clear-day,"EBCV,EBCI,EBAW,LFQQ,AT575,EBBR"
"Lierde, Vlaanderen, BelgiÃ«",2023-06-24T09:00:00,18.1,18.1,12.6,69.98,0,0,,0,0,17.3,8.6,247,1025.8,0,10,413,1.5,4,10,Clear,clear-day,"EBCV,EBCI,EBAW,LFQQ,AT575,EBBR"
"Lierde, Vlaanderen, BelgiÃ«",2023-06-24T10:00:00,19.7,19.7,12.9,64.67,0,0,,0,0,19.8,7.5,237,1025.8,0,10,498,1.8,5,10,Clear,clear-day,"EBCV,EBCI,EBAW,LFQQ,AT575,EBBR"
"Lierde, Vlaanderen, BelgiÃ«",2023-06-24T11:00:00,21.3,21.3,11.5,53.47,0,0,,0,0,20.2,8,236,1025.1,0,10,534,1.9,5,10,Clear,clear-day,"EBCV,EBCI,EBAW,LFQQ,AT575,EBBR"
"Lierde, Vlaanderen, BelgiÃ«",2023-06-24T12:00:00,23.2,23.2,12.6,51.1,0,0,,0,0,19.1,8.5,240,1025.1,10.2,10,719,2.6,7,10,Clear,clear-day,"EBCV,EBCI,EBAW,LFQQ,AT575,EBBR"
"Lierde, Vlaanderen, BelgiÃ«",2023-06-24T13:00:00,23.6,23.6,11.8,47.75,0,0,,0,0,18.7,8.2,235,1024.8,14.3,10,826,3,8,10,Clear,clear-day,"EBCV,EBCI,EBAW,LFQQ,AT575,EBBR"
"Lierde, Vlaanderen, BelgiÃ«",2023-06-24T14:00:00,24.6,24.6,11.6,44.15,0,0,,0,0,17.6,9.9,252,1024.1,12.6,10,801,2.9,8,10,Clear,clear-day,"EBCV,EBCI,EBAW,LFQQ,AT575,EBBR"
"Lierde, Vlaanderen, BelgiÃ«",2023-06-24T15:00:00,25.3,25.3,10.7,39.88,0,0,,0,0,16.9,4.7,272,1023.8,17.5,10,822,3,8,10,Clear,clear-day,"EBCV,EBCI,EBAW,LFQQ,AT575,EBBR"
"Lierde, Vlaanderen, BelgiÃ«",2023-06-24T16:00:00,25.9,25.9,10.2,37.28,0,0,,0,0,15.1,3.8,264.3,1023.6,23.6,10,793,2.9,8,10,Partially cloudy,partly-cloudy-day,"EBCI,EBAW,LFQQ,AT575,EBBR"
"Lierde, Vlaanderen, BelgiÃ«",2023-06-24T17:00:00,26.1,26.1,14.8,49.77,0,0,,0,0,12.6,4.7,281.5,1023,22.7,24.1,732,2.6,7,10,Partially cloudy,partly-cloudy-day,
"Lierde, Vlaanderen, BelgiÃ«",2023-06-24T18:00:00,26.2,26.2,14.6,48.84,0,0,,0,0,10.1,3.6,307.3,1022,23.7,24.1,604,2.2,6,10,Partially cloudy,partly-cloudy-day,
"Lierde, Vlaanderen, BelgiÃ«",2023-06-24T19:00:00,26,26,14.5,49.1,0,0,,0,0,7.6,3.2,344.7,1022,11.6,24.1,454,1.6,5,10,Clear,clear-day,
"Lierde, Vlaanderen, BelgiÃ«",2023-06-24T20:00:00,25.4,25.4,14,49.26,0,0,,0,0,6.1,3.6,21.4,1021,3.6,24.1,295,1.1,3,10,Clear,clear-day,
"Lierde, Vlaanderen, BelgiÃ«",2023-06-24T21:00:00,23.9,23.9,15.9,60.9,0,0,,0,0,6.1,2.9,63.5,1021,0,24.1,143,0.5,1,10,Clear,clear-day,
"Lierde, Vlaanderen, BelgiÃ«",2023-06-24T22:00:00,21.5,21.5,15.7,69.55,0,0,,0,0,5.8,3.6,10,1022,0,24.1,27,0.1,0,10,Clear,clear-day,
"Lierde, Vlaanderen, BelgiÃ«",2023-06-24T23:00:00,19.5,19.5,16.3,81.76,0,0,,0,0,6.5,4.3,5.2,1022,0,24.1,0,0,0,10,Clear,clear-night,
"Lierde, Vlaanderen, BelgiÃ«",2023-06-25T00:00:00,18.4,18.4,16.5,88.69,0,0,,0,0,6.8,4,21.1,1021,0,24.1,0,0,0,10,Clear,clear-night,
"Lierde, Vlaanderen, BelgiÃ«",2023-06-25T01:00:00,17.8,17.8,16,89.21,0,0,,0,0,6.1,4,34.3,1021,0,24.1,0,0,0,10,Clear,clear-night,
"Lierde, Vlaanderen, BelgiÃ«",2023-06-25T02:00:00,17.1,17.1,15.5,90.31,0,0,,0,0,6.1,3.6,45.3,1020,0,24.1,0,0,0,10,Clear,clear-night,
"Lierde, Vlaanderen, BelgiÃ«",2023-06-25T03:00:00,16.4,16.4,14.8,90.26,0,0,,0,0,5.8,3.2,51.8,1020,0,24.1,0,0,0,10,Clear,clear-night,
"Lierde, Vlaanderen, BelgiÃ«",2023-06-25T04:00:00,15.7,15.7,14.2,90.79,0,0,,0,0,5,2.9,33.5,1019,0,24.1,0,0,0,10,Clear,clear-night,
"Lierde, Vlaanderen, BelgiÃ«",2023-06-25T05:00:00,15,15,13.6,91.34,0,0,,0,0,4.3,2.5,36.3,1019,0,24.1,0,0,0,10,Clear,clear-night,
"Lierde, Vlaanderen, BelgiÃ«",2023-06-25T06:00:00,14.7,14.7,13.2,90.73,0,0,,0,0,4,2.2,40.5,1019,0,24.1,3,0,0,10,Clear,clear-day,
"Lierde, Vlaanderen, BelgiÃ«",2023-06-25T07:00:00,15.4,15.4,13.6,89.02,0,0,,0,0,2.9,1.1,74,1019,0,24.1,67,0.2,1,10,Clear,clear-day,
"Lierde, Vlaanderen, BelgiÃ«",2023-06-25T08:00:00,17.8,17.8,15.5,86.4,0,0,,0,0,2.2,0.7,121.7,1019,0,24.1,203,0.7,2,10,Clear,clear-day,
"Lierde, Vlaanderen, BelgiÃ«",2023-06-25T09:00:00,21.1,21.1,15.4,69.92,0,0,,0,0,5.4,2.5,161.1,1018,0,24.1,360,1.3,4,10,Clear,clear-day,
"Lierde, Vlaanderen, BelgiÃ«",2023-06-25T10:00:00,23.3,23.3,15.5,61.54,0,0,,0,0,11.5,6.5,180.7,1018,0,24.1,517,1.9,5,10,Clear,clear-day,
"Lierde, Vlaanderen, BelgiÃ«",2023-06-25T11:00:00,24.9,24.9,16,57.72,0,0,,0,0,16.2,9,188,1018,0,24.1,659,2.4,7,5,Clear,clear-day,
"Lierde, Vlaanderen, BelgiÃ«",2023-06-25T12:00:00,26.4,26.4,16.6,54.87,0,0,,0,0,18.4,10.1,189.1,1018,0,24.1,773,2.8,8,5,Clear,clear-day,
"Lierde, Vlaanderen, BelgiÃ«",2023-06-25T13:00:00,28,28.6,17.3,52.22,0,0,,0,0,19.8,11.2,193.2,1017,0,24.1,851,3.1,9,3,Clear,clear-day,
"Lierde, Vlaanderen, BelgiÃ«",2023-06-25T14:00:00,29.3,29.5,16.5,46.02,0,0,,0,0,23,12.6,199.5,1016,0,24.1,885,3.2,9,10,Clear,clear-day,
"Lierde, Vlaanderen, BelgiÃ«",2023-06-25T15:00:00,30,29.7,15.1,40.42,0,4.8,,0,0,25.2,14,202.3,1016,12.1,24.1,875,3.2,9,10,Clear,clear-day,
"Lierde, Vlaanderen, BelgiÃ«",2023-06-25T16:00:00,30.4,29.9,14.7,38.5,0,4.8,,0,0,25.6,14.4,199.9,1015,15.5,24.1,821,3,8,10,Clear,clear-day,
"Lierde, Vlaanderen, BelgiÃ«",2023-06-25T17:00:00,30.4,29.8,14.2,37.27,0,4.8,,0,0,25.6,14.4,196.2,1015,9.1,24.1,725,2.6,7,10,Clear,clear-day,
"Lierde, Vlaanderen, BelgiÃ«",2023-06-25T18:00:00,30.2,29.5,14,37.22,0,4.8,,0,0,25.6,14,191.6,1014,0,24.1,597,2.1,6,10,Clear,clear-day,
"Lierde, Vlaanderen, BelgiÃ«",2023-06-25T19:00:00,29.6,29.2,14.6,40.05,0,4.8,,0,0,24.8,12.6,188.7,1014,0,24.1,448,1.6,4,30,Clear,clear-day,
"Lierde, Vlaanderen, BelgiÃ«",2023-06-25T20:00:00,28.4,28.5,15.9,46.67,0,4.8,,0,0,21.6,8.6,180.7,1013,0,24.1,289,1,3,30,Clear,clear-day,
"Lierde, Vlaanderen, BelgiÃ«",2023-06-25T21:00:00,26.7,26.7,15.6,50.57,0,42.9,,0,0,14.8,6.1,189.7,1013,0,24.1,140,0.5,1,30,Clear,clear-day,
"Lierde, Vlaanderen, BelgiÃ«",2023-06-25T22:00:00,24.3,24.3,15.6,58.32,0,42.9,,0,0,10.1,4.7,167.3,1013,0,24.1,26,0.1,0,10,Clear,clear-day,
"Lierde, Vlaanderen, BelgiÃ«",2023-06-25T23:00:00,22.6,22.6,15.5,64.21,0,42.9,,0,0,7.9,5,155.5,1013,11.2,24.1,0,0,0,10,Clear,clear-night,
"Lierde, Vlaanderen, BelgiÃ«",2023-06-26T00:00:00,21.8,21.8,15.4,66.99,0,42.9,,0,0,7.9,5,177.7,1013,1.3,24.1,0,0,0,3,Clear,clear-night,
"Lierde, Vlaanderen, BelgiÃ«",2023-06-26T01:00:00,21.6,21.6,15.1,66.52,0,42.9,,0,0,16.6,10.1,233.6,1013,59,24.1,0,0,0,10,Partially cloudy,partly-cloudy-night,
"Lierde, Vlaanderen, BelgiÃ«",2023-06-26T02:00:00,20.7,20.7,15.1,70.29,0,42.9,,0,0,23.8,13.3,275,1014,71.8,24.1,0,0,0,10,Partially cloudy,partly-cloudy-night,
"Lierde, Vlaanderen, BelgiÃ«",2023-06-26T03:00:00,19.6,19.6,14.2,71,0,9.5,,0,0,27.7,16.2,254.7,1014,98.4,24.1,0,0,0,10,Overcast,cloudy,
"Lierde, Vlaanderen, BelgiÃ«",2023-06-26T04:00:00,18.3,18.3,14.4,78,0,9.5,,0,0,28.4,16.2,257.6,1015,100,24.1,0,0,0,10,Overcast,cloudy,
"Lierde, Vlaanderen, BelgiÃ«",2023-06-26T05:00:00,17.4,17.4,15,85.81,0,9.5,,0,0,28.1,15.1,256.3,1015,100,24.1,0,0,0,10,Overcast,cloudy,
"Lierde, Vlaanderen, BelgiÃ«",2023-06-26T06:00:00,16.8,16.8,14.9,88.56,0,9.5,,0,0,27.4,15.5,259.7,1016,51.5,24.1,2,0,0,10,Partially cloudy,partly-cloudy-day,
"Lierde, Vlaanderen, BelgiÃ«",2023-06-26T07:00:00,16.7,16.7,14.4,86.3,0,9.5,,0,0,27.4,15.8,264,1017,40.5,24.1,57,0.2,1,10,Partially cloudy,partly-cloudy-day,
"Lierde, Vlaanderen, BelgiÃ«",2023-06-26T08:00:00,17.2,17.2,13.9,80.94,0,9.5,,0,0,31,17.6,271.5,1017,40.7,24.1,206,0.7,2,10,Partially cloudy,partly-cloudy-day,
"Lierde, Vlaanderen, BelgiÃ«",2023-06-26T09:00:00,17.8,17.8,14,78.44,0,0,,0,0,32.4,16.6,275.7,1018,69.5,24.1,357,1.3,4,10,Partially cloudy,partly-cloudy-day,
"Lierde, Vlaanderen, BelgiÃ«",2023-06-26T10:00:00,18.3,18.3,13.8,75.03,0,0,,0,0,30.6,16.9,282.3,1019,100,24.1,494,1.8,5,10,Overcast,cloudy,
"Lierde, Vlaanderen, BelgiÃ«",2023-06-26T11:00:00,19,19,13.2,69.06,0,0,,0,0,30.2,16.9,281.2,1020,100,24.1,623,2.2,6,10,Overcast,cloudy,
"Lierde, Vlaanderen, BelgiÃ«",2023-06-26T12:00:00,19.6,19.6,12.8,64.81,0,0,,0,0,31.3,17.3,282.5,1020,72.5,24.1,729,2.6,7,10,Partially cloudy,partly-cloudy-day,
"Lierde, Vlaanderen, BelgiÃ«",2023-06-26T13:00:00,20.7,20.7,12.4,58.98,0,0,,0,0,31,16.9,289.9,1020,100,24.1,789,2.8,8,10,Overcast,cloudy,
"Lierde, Vlaanderen, BelgiÃ«",2023-06-26T14:00:00,21.3,21.3,11.9,55.01,0,0,,0,0,31.3,17.6,294.2,1021,65.2,24.1,888,3.2,9,10,Partially cloudy,partly-cloudy-day,
"Lierde, Vlaanderen, BelgiÃ«",2023-06-26T15:00:00,21.8,21.8,11.3,51.27,0,0,,0,0,31.3,16.9,299.1,1021,56.9,24.1,806,2.9,8,10,Partially cloudy,partly-cloudy-day,
"Lierde, Vlaanderen, BelgiÃ«",2023-06-26T16:00:00,21.8,21.8,10.2,47.66,0,0,,0,0,30.6,16.2,299.5,1021,100,24.1,697,2.5,7,10,Overcast,cloudy,
"Lierde, Vlaanderen, BelgiÃ«",2023-06-26T17:00:00,21.6,21.6,8.6,43.32,0,0,,0,0,28.8,15.5,303.3,1021,100,24.1,571,2.1,6,10,Overcast,cloudy,
"Lierde, Vlaanderen, BelgiÃ«",2023-06-26T18:00:00,21.3,21.3,8.3,43.24,0,0,,0,0,27.7,15.1,315.5,1021,100,24.1,516,1.9,5,10,Overcast,cloudy,
"Lierde, Vlaanderen, BelgiÃ«",2023-06-26T19:00:00,20.9,20.9,8.2,44.01,0,0,,0,0,26.6,8.3,321.7,1021,100,24.1,310,1.1,3,10,Overcast,cloudy,
"Lierde, Vlaanderen, BelgiÃ«",2023-06-26T20:00:00,20.7,20.7,9,47.04,0,0,,0,0,15.8,7.6,316.4,1021,100,24.1,174,0.6,2,10,Overcast,cloudy,
"Lierde, Vlaanderen, BelgiÃ«",2023-06-26T21:00:00,19.6,19.6,10.4,55.31,0,0,,0,0,13.3,4,323.2,1021,100,24.1,57,0.2,1,10,Overcast,cloudy,
"Lierde, Vlaanderen, BelgiÃ«",2023-06-26T22:00:00,18.5,18.5,10.7,60.43,0,0,,0,0,7.9,4.7,276.8,1021,100,24.1,15,0.1,0,10,Overcast,cloudy,
"Lierde, Vlaanderen, BelgiÃ«",2023-06-26T23:00:00,17.2,17.2,10.8,66.02,0,0,,0,0,19.4,11.5,263.9,1022,100,24.1,0,0,0,10,Overcast,cloudy,
"Lierde, Vlaanderen, BelgiÃ«",2023-06-27T00:00:00,15.9,15.9,10.9,72.19,0,0,,0,0,19.8,10.4,254.7,1022,100,24.1,0,0,0,10,Overcast,cloudy,
"Lierde, Vlaanderen, BelgiÃ«",2023-06-27T01:00:00,15.2,15.2,10.8,75,0,0,,0,0,18,9.7,247.9,1022,83.9,24.1,0,0,0,10,Partially cloudy,partly-cloudy-night,
"Lierde, Vlaanderen, BelgiÃ«",2023-06-27T02:00:00,14.5,14.5,10.8,78.46,0,0,,0,0,16.6,8.6,249.6,1022,99.5,24.1,0,0,0,10,Overcast,cloudy,
"Lierde, Vlaanderen, BelgiÃ«",2023-06-27T03:00:00,14.1,14.1,11,81.6,0,0,,0,0,15.1,7.9,242.7,1022,100,24.1,0,0,0,10,Overcast,cloudy,
"Lierde, Vlaanderen, BelgiÃ«",2023-06-27T04:00:00,13.5,13.5,11.2,85.97,0,0,,0,0,13.3,7.6,224.5,1021,100,24.1,0,0,0,10,Overcast,cloudy,
"Lierde, Vlaanderen, BelgiÃ«",2023-06-27T05:00:00,12.9,12.9,11.3,90,0,0,,0,0,13,7.6,225.8,1021,96.9,24.1,0,0,0,10,Overcast,cloudy,
"Lierde, Vlaanderen, BelgiÃ«",2023-06-27T06:00:00,12.7,12.7,11.4,91.79,0,0,,0,0,13,6.5,231.8,1021,100,24.1,2,0,0,10,Overcast,cloudy,
"Lierde, Vlaanderen, BelgiÃ«",2023-06-27T07:00:00,13.4,13.4,11.8,90.04,0,0,,0,0,11.9,7.2,228.5,1021,100,24.1,49,0.2,0,10,Overcast,cloudy,
"Lierde, Vlaanderen, BelgiÃ«",2023-06-27T08:00:00,15.1,15.1,12.5,84.46,0,0,,0,0,16.6,9.4,241,1022,48.2,24.1,149,0.5,1,10,Partially cloudy,partly-cloudy-day,
"Lierde, Vlaanderen, BelgiÃ«",2023-06-27T09:00:00,16.9,16.9,13,77.79,0,0,,0,0,19.1,10.8,244.5,1021,82.5,24.1,332,1.2,3,10,Partially cloudy,partly-cloudy-day,
"Lierde, Vlaanderen, BelgiÃ«",2023-06-27T10:00:00,18.3,18.3,13.5,73.58,0,0,,0,0,19.8,11.2,244.3,1021,82.1,24.1,435,1.6,4,10,Partially cloudy,partly-cloudy-day,
"Lierde, Vlaanderen, BelgiÃ«",2023-06-27T11:00:00,19.1,19.1,13.8,71.37,0,0,,0,0,21.6,11.9,243.9,1021,95.6,24.1,570,2.1,6,10,Overcast,cloudy,
"Lierde, Vlaanderen, BelgiÃ«",2023-06-27T12:00:00,19.7,19.7,13.3,66.55,0,0,,0,0,25.2,14,250.1,1021,98.4,24.1,670,2.4,7,10,Overcast,cloudy,
"Lierde, Vlaanderen, BelgiÃ«",2023-06-27T13:00:00,20,20,12.3,61.18,0,0,,0,0,27,15.1,267.5,1021,98.1,24.1,770,2.8,8,10,Overcast,cloudy,
"Lierde, Vlaanderen, BelgiÃ«",2023-06-27T14:00:00,20.9,20.9,11.9,56.37,0,0,,0,0,28.4,15.8,284.3,1021,100,24.1,871,3.1,9,10,Overcast,cloudy,
"Lierde, Vlaanderen, BelgiÃ«",2023-06-27T15:00:00,20.9,20.9,12,56.51,0,4.8,,0,0,27.7,15.2,285.3,1020.7,99.8,24.1,632,2.3,6,10,Overcast,cloudy,
"Lierde, Vlaanderen, BelgiÃ«",2023-06-27T16:00:00,21,21,12.1,56.66,0,4.8,,0,0,27,14.6,286.2,1020.3,99.6,24.1,186,0.7,2,10,Overcast,cloudy,
"Lierde, Vlaanderen, BelgiÃ«",2023-06-27T17:00:00,21.1,21.1,12.2,56.8,0,4.8,,0,0,26.3,14,287.2,1020,99.4,24.1,136,0.5,1,10,Overcast,cloudy,
"Lierde, Vlaanderen, BelgiÃ«",2023-06-27T18:00:00,20.9,20.9,12.1,57.37,0,4.8,,0,0,24,13.1,285.4,1019.7,96.8,24.1,175,0.6,2,10,Overcast,cloudy,
"Lierde, Vlaanderen, BelgiÃ«",2023-06-27T19:00:00,20.7,20.7,12.1,57.96,0,4.8,,0,0,21.7,12.1,283.7,1019.3,94.3,24.1,250,0.9,3,10,Overcast,cloudy,
"Lierde, Vlaanderen, BelgiÃ«",2023-06-27T20:00:00,20.5,20.5,12.1,58.55,0,4.8,,0,0,19.4,11.2,281.9,1019,91.7,24.1,164,0.6,2,10,Overcast,cloudy,
"Lierde, Vlaanderen, BelgiÃ«",2023-06-27T21:00:00,19.4,19.4,11.9,61.99,0,0,,0,0,16.9,9.5,271.7,1019,94.5,24.1,87,0.3,1,10,Overcast,cloudy,
"Lierde, Vlaanderen, BelgiÃ«",2023-06-27T22:00:00,18.3,18.3,11.7,65.68,0,0,,0,0,14.4,7.8,261.6,1019,97.2,24.1,24,0.1,0,10,Overcast,cloudy,
"Lierde, Vlaanderen, BelgiÃ«",2023-06-27T23:00:00,17.2,17.2,11.6,69.62,0,0,,0,0,11.9,6.1,251.4,1019,100,24.1,0,0,0,10,Overcast,cloudy,
"Lierde, Vlaanderen, BelgiÃ«",2023-06-28T00:00:00,16.6,16.6,11.9,73.93,0,0,,0,0,12.5,6.7,243.6,1019,100,24.1,0,0,0,10,Overcast,cloudy,
"Lierde, Vlaanderen, BelgiÃ«",2023-06-28T01:00:00,16,16,12.3,78.52,0,0,,0,0,13.1,7.3,235.7,1019,100,24.1,0,0,0,10,Overcast,cloudy,
"Lierde, Vlaanderen, BelgiÃ«",2023-06-28T02:00:00,15.5,15.5,12.7,83.4,0,0,,0,0,13.7,7.9,227.9,1019,100,24.1,0,0,0,10,Overcast,cloudy,
"Lierde, Vlaanderen, BelgiÃ«",2023-06-28T03:00:00,15,15,12.7,85.95,0,4.8,,0,0,14.4,8.4,223.7,1018.7,98.2,24.1,0,0,0,10,Overcast,cloudy,
"Lierde, Vlaanderen, BelgiÃ«",2023-06-28T04:00:00,14.6,14.6,12.7,88.57,0,4.8,,0,0,15.1,8.9,219.4,1018.3,96.5,24.1,0,0,0,10,Overcast,cloudy,
"Lierde, Vlaanderen, BelgiÃ«",2023-06-28T05:00:00,14.2,14.2,12.8,91.29,0,4.8,,0,0,15.8,9.4,215.2,1018,94.7,24.1,0,0,0,10,Overcast,cloudy,
"Lierde, Vlaanderen, BelgiÃ«",2023-06-28T06:00:00,14.7,14.7,13.1,90.14,0,4.8,,0,0,18.1,10.6,218.3,1018,88.3,24.1,2,0,0,10,Partially cloudy,partly-cloudy-day,
"Lierde, Vlaanderen, BelgiÃ«",2023-06-28T07:00:00,15.2,15.2,13.4,89.01,0,4.8,,0,0,20.4,11.8,221.5,1018,81.9,24.1,62,0.2,1,10,Partially cloudy,partly-cloudy-day,
"Lierde, Vlaanderen, BelgiÃ«",2023-06-28T08:00:00,15.7,15.7,13.7,87.9,0,4.8,,0,0,22.7,13,224.6,1018,75.5,24.1,182,0.7,2,10,Partially cloudy,partly-cloudy-day,
"Lierde, Vlaanderen, BelgiÃ«",2023-06-28T09:00:00,17,17,14.2,83.59,0,9.5,,0,0,24.4,13.4,230.5,1018,83.4,24.1,330,1.2,3,10,Partially cloudy,partly-cloudy-day,
"Lierde, Vlaanderen, BelgiÃ«",2023-06-28T10:00:00,18.4,18.4,14.8,79.55,0,9.5,,0,0,26,13.9,236.4,1018,91.3,24.1,331,1.2,3,10,Overcast,cloudy,
"Lierde, Vlaanderen, BelgiÃ«",2023-06-28T11:00:00,19.8,19.8,15.4,75.76,0,9.5,,0,0,27.7,14.4,242.3,1018,99.2,24.1,633,2.3,6,10,Overcast,cloudy,
"Lierde, Vlaanderen, BelgiÃ«",2023-06-28T12:00:00,20.8,20.8,15.4,71.22,0,9.5,,0,0,27.7,14.6,241.4,1017.7,95.3,24.1,751,2.7,8,10,Overcast,cloudy,
"Lierde, Vlaanderen, BelgiÃ«",2023-06-28T13:00:00,21.8,21.8,15.4,66.99,0,9.5,,0,0,27.7,14.9,240.4,1017.3,91.3,24.1,763,2.7,8,10,Overcast,cloudy,
"Lierde, Vlaanderen, BelgiÃ«",2023-06-28T14:00:00,22.8,22.8,15.4,63.03,0,9.5,,0,0,27.7,15.1,239.5,1017,87.4,24.1,782,2.8,8,10,Partially cloudy,partly-cloudy-day,
"Lierde, Vlaanderen, BelgiÃ«",2023-06-28T15:00:00,23.2,23.2,15.3,61.26,0,19,,0,0,27.6,15.1,244.5,1017,89.9,24.1,750,2.7,8,10,Partially cloudy,partly-cloudy-day,
"Lierde, Vlaanderen, BelgiÃ«",2023-06-28T16:00:00,23.6,23.6,15.2,59.54,0,19,,0,0,27.5,15.1,249.5,1017,92.3,24.1,500,1.8,5,10,Overcast,cloudy,
"Lierde, Vlaanderen, BelgiÃ«",2023-06-28T17:00:00,24,24,15.2,57.88,0,19,,0,0,27.4,15.1,254.5,1017,94.8,24.1,140,0.5,1,10,Overcast,cloudy,
"Lierde, Vlaanderen, BelgiÃ«",2023-06-28T18:00:00,23.4,23.4,15.4,60.79,0,19,,0,0,26.3,14.5,262.5,1017,92.5,24.1,143,0.5,1,10,Overcast,cloudy,
"Lierde, Vlaanderen, BelgiÃ«",2023-06-28T19:00:00,22.8,22.8,15.6,63.86,0,19,,0,0,25.2,13.9,270.5,1017,90.2,24.1,92,0.3,1,10,Overcast,cloudy,
"Lierde, Vlaanderen, BelgiÃ«",2023-06-28T20:00:00,22.3,22.3,15.9,67.09,0,19,,0,0,24.1,13.3,278.5,1017,87.9,24.1,61,0.2,1,10,Partially cloudy,partly-cloudy-day,
"Lierde, Vlaanderen, BelgiÃ«",2023-06-28T21:00:00,21.2,21.2,15.8,71.45,0,9.5,,0,0,19.3,10.4,264.3,1017,79.9,24.1,67,0.2,1,10,Partially cloudy,partly-cloudy-day,
"Lierde, Vlaanderen, BelgiÃ«",2023-06-28T22:00:00,20.1,20.1,15.7,76.13,0,9.5,,0,0,14.5,7.6,250,1017,72,24.1,23,0.1,0,10,Partially cloudy,partly-cloudy-day,
"Lierde, Vlaanderen, BelgiÃ«",2023-06-28T23:00:00,19,19,15.7,81.17,0,9.5,,0,0,9.7,4.7,235.8,1017,64,24.1,0,0,0,10,Partially cloudy,partly-cloudy-night,
"Lierde, Vlaanderen, BelgiÃ«",2023-06-29T00:00:00,18.7,18.7,15.6,82.19,0,9.5,,0,0,10.2,5.3,235.5,1017,74.3,24.1,0,0,0,10,Partially cloudy,partly-cloudy-night,
"Lierde, Vlaanderen, BelgiÃ«",2023-06-29T01:00:00,18.5,18.5,15.6,83.22,0,9.5,,0,0,10.7,5.9,235.2,1017,84.5,24.1,0,0,0,10,Partially cloudy,partly-cloudy-night,
"Lierde, Vlaanderen, BelgiÃ«",2023-06-29T02:00:00,18.3,18.3,15.6,84.27,0,9.5,,0,0,11.2,6.5,234.9,1017,94.8,24.1,0,0,0,10,Overcast,cloudy,
"Lierde, Vlaanderen, BelgiÃ«",2023-06-29T03:00:00,17.9,17.9,15.7,86.97,0,9.5,,0,0,11.8,6.8,235.1,1016.7,96,24.1,0,0,0,3,Overcast,cloudy,
"Lierde, Vlaanderen, BelgiÃ«",2023-06-29T04:00:00,17.6,17.6,15.9,89.77,0,9.5,,0,0,12.4,7.2,235.3,1016.3,97.3,24.1,0,0,0,3,Overcast,cloudy,
"Lierde, Vlaanderen, BelgiÃ«",2023-06-29T05:00:00,17.3,17.3,16.1,92.66,0,9.5,,0,0,13,7.6,235.5,1016,98.5,24.1,0,0,0,3,Overcast,cloudy,
"Lierde, Vlaanderen, BelgiÃ«",2023-06-29T06:00:00,18.5,18.5,14.2,76.04,0,9.5,,0,0,22,8.6,220.6,1010,100,24.1,1,0,0,10,Overcast,cloudy,
"Lierde, Vlaanderen, BelgiÃ«",2023-06-29T07:00:00,17.7,17.7,14.9,83.66,0.1,9.5,rain,0,0,19.8,11.5,261.2,1011,100,24.1,12,0,0,10,Overcast,cloudy,
"Lierde, Vlaanderen, BelgiÃ«",2023-06-29T08:00:00,17.1,17.1,15.7,91.47,0.7,9.5,rain,0,0,19.1,13.3,277.9,1011,100,10.2,128,0.5,1,10,Overcast,cloudy,
"Lierde, Vlaanderen, BelgiÃ«",2023-06-29T09:00:00,15.9,15.9,14.6,91.8,0,14.3,,0,0,22,13.2,281.2,1011.7,100,14.8,124.3,0.5,1,10,Overcast,cloudy,
"Lierde, Vlaanderen, BelgiÃ«",2023-06-29T10:00:00,14.9,14.9,13.6,92.13,0,14.3,,0,0,24.8,13.1,284.5,1012.3,100,19.5,120.7,0.4,1,10,Overcast,cloudy,
"Lierde, Vlaanderen, BelgiÃ«",2023-06-29T11:00:00,13.8,13.8,12.6,92.47,0.8,14.3,rain,0,0,27.7,13,287.8,1013,100,24.1,117,0.4,1,10,Overcast,cloudy,
"Lierde, Vlaanderen, BelgiÃ«",2023-06-29T12:00:00,14.9,14.9,12.4,85.18,0,14.3,,0,0,27.4,13.9,276.7,1013,100,24.1,115,0.4,1,10,Overcast,cloudy,
"Lierde, Vlaanderen, BelgiÃ«",2023-06-29T13:00:00,16,16,12.3,78.52,0,14.3,,0,0,27,14.9,265.7,1013,100,24.1,113,0.4,1,10,Overcast,cloudy,
"Lierde, Vlaanderen, BelgiÃ«",2023-06-29T14:00:00,17.2,17.2,12.2,72.43,0,14.3,,0,0,26.6,15.8,254.6,1013,100,24.1,111,0.4,1,10,Overcast,cloudy,
"Lierde, Vlaanderen, BelgiÃ«",2023-06-29T15:00:00,18.9,18.9,11.3,61.21,0,9.5,,0,0,28.9,19.6,257.3,1012.7,90.4,24.1,323,1.2,3,10,Overcast,cloudy,
"Lierde, Vlaanderen, BelgiÃ«",2023-06-29T16:00:00,20.7,20.7,10.4,51.79,0,9.5,,0,0,31.2,23.3,259.9,1012.3,80.9,24.1,535,1.9,5,10,Partially cloudy,partly-cloudy-day,
"Lierde, Vlaanderen, BelgiÃ«",2023-06-29T17:00:00,22.5,22.5,9.6,43.87,0,9.5,,0,0,33.5,27,262.6,1012,71.3,24.1,747,2.7,7,10,Partially cloudy,partly-cloudy-day,
"Lierde, Vlaanderen, BelgiÃ«",2023-06-29T18:00:00,21.5,21.5,9.3,45.7,0,9.5,,0,0,33,25.8,259.6,1012,51.8,24.1,620,2.2,6,10,Partially cloudy,partly-cloudy-day,
"Lierde, Vlaanderen, BelgiÃ«",2023-06-29T19:00:00,20.5,20.5,9,47.62,0,9.5,,0,0,32.5,24.6,256.5,1012,32.2,24.1,493,1.8,5,10,Partially cloudy,partly-cloudy-day,
"Lierde, Vlaanderen, BelgiÃ«",2023-06-29T20:00:00,19.5,19.5,8.7,49.65,0,9.5,,0,0,32,23.4,253.5,1012,12.7,24.1,366,1.3,4,10,Clear,clear-day,
"Lierde, Vlaanderen, BelgiÃ«",2023-06-29T21:00:00,17.9,17.9,8.7,55.12,0,19,,0,0,32.6,21.2,251.4,1012.3,41.8,24.1,261.7,0.9,3,10,Partially cloudy,partly-cloudy-day,
"Lierde, Vlaanderen, BelgiÃ«",2023-06-29T22:00:00,16.3,16.3,8.8,61.27,0,19,,0,0,33.2,19.1,249.4,1012.7,70.9,24.1,157.3,0.6,2,10,Partially cloudy,partly-cloudy-day,
"Lierde, Vlaanderen, BelgiÃ«",2023-06-29T23:00:00,14.7,14.7,8.9,68.2,0,19,,0,0,33.8,16.9,247.3,1013,100,24.1,53,0.2,0,10,Overcast,cloudy,
"Lierde, Vlaanderen, BelgiÃ«",2023-06-30T00:00:00,14.6,14.6,9.2,70.05,0,19,,0,0,34.6,16.9,238.6,1013,100,24.1,35.3,0.1,0,10,Overcast,cloudy,
"Lierde, Vlaanderen, BelgiÃ«",2023-06-30T01:00:00,14.6,14.6,9.6,71.96,0,19,,0,0,35.3,16.9,229.8,1013,100,24.1,17.7,0.1,0,10,Overcast,cloudy,
"Lierde, Vlaanderen, BelgiÃ«",2023-06-30T02:00:00,14.6,14.6,10,73.91,0,19,,0,0,36,16.9,221.1,1013,100,24.1,0,0,0,10,Overcast,cloudy,
"Lierde, Vlaanderen, BelgiÃ«",2023-06-30T03:00:00,14,14,10.5,79.45,0,9.5,,0,0,37.9,17.3,215.9,1012.7,100,21.9,0,0,0,10,Overcast,cloudy,
"Lierde, Vlaanderen, BelgiÃ«",2023-06-30T04:00:00,13.4,13.4,11,85.4,0,9.5,,0,0,39.8,17.6,210.8,1012.3,100,19.6,0,0,0,10,Overcast,cloudy,
"Lierde, Vlaanderen, BelgiÃ«",2023-06-30T05:00:00,12.9,12.9,11.6,91.81,0.7,9.5,rain,0,0,41.8,18,205.6,1012,100,17.4,0,0,0,10,Overcast,cloudy,
"Lierde, Vlaanderen, BelgiÃ«",2023-06-30T06:00:00,13.3,13.3,11.7,89.64,0,9.5,,0,0,42.7,19.9,210.3,1012,91.3,19.6,9.7,0,0,10,Overcast,cloudy,
"Lierde, Vlaanderen, BelgiÃ«",2023-06-30T07:00:00,13.8,13.8,11.8,87.54,0,9.5,,0,0,43.7,21.8,215,1012,82.6,21.9,19.3,0.1,0,10,Partially cloudy,partly-cloudy-day,
"Lierde, Vlaanderen, BelgiÃ«",2023-06-30T08:00:00,14.3,14.3,11.9,85.49,0.2,9.5,rain,0,0,44.6,23.8,219.7,1012,73.9,24.1,29,0.1,0,10,Partially cloudy,partly-cloudy-day,
"Lierde, Vlaanderen, BelgiÃ«",2023-06-30T09:00:00,15.3,15.3,11.8,79.64,0,38.1,,0,0,43,25.3,223.3,1012,82.3,24.1,124,0.4,1,10,Partially cloudy,partly-cloudy-day,
"Lierde, Vlaanderen, BelgiÃ«",2023-06-30T10:00:00,16.4,16.4,11.8,74.23,0,38.1,,0,0,41.3,26.9,226.9,1012,90.7,24.1,219,0.8,2,10,Overcast,cloudy,
"Lierde, Vlaanderen, BelgiÃ«",2023-06-30T11:00:00,17.5,17.5,11.8,69.22,0,38.1,rain,0,0,39.6,28.4,230.5,1012,99.1,24.1,314,1.1,3,10,Overcast,cloudy,
"Lierde, Vlaanderen, BelgiÃ«",2023-06-30T12:00:00,18.3,18.3,11.7,65.54,0,38.1,,0,0,39.6,28.9,232.9,1012,97.6,21,337.7,1.2,3,10,Overcast,cloudy,
"Lierde, Vlaanderen, BelgiÃ«",2023-06-30T13:00:00,19.1,19.1,11.7,62.07,0,38.1,,0,0,39.6,29.4,235.4,1012,96.2,18,361.3,1.3,4,10,Overcast,cloudy,
"Lierde, Vlaanderen, BelgiÃ«",2023-06-30T14:00:00,20,20,11.7,58.81,0.5,38.1,rain,0,0,39.6,29.9,237.8,1012,94.7,14.9,385,1.4,4,10,Overcast,cloudy,
"Lierde, Vlaanderen, BelgiÃ«",2023-06-30T15:00:00,20.3,20.3,11.6,57.36,0,28.6,,0,0,39.2,28.6,242.5,1011.7,96.3,18,392,1.4,4,10,Overcast,cloudy,
"Lierde, Vlaanderen, BelgiÃ«",2023-06-30T16:00:00,20.6,20.6,11.5,55.95,0,28.6,,0,0,38.9,27.2,247.3,1011.3,98,21,399,1.5,4,10,Overcast,cloudy,
"Lierde, Vlaanderen, BelgiÃ«",2023-06-30T17:00:00,21,21,11.5,54.57,1,28.6,rain,0,0,38.5,25.9,252,1011,99.6,24.1,406,1.5,4,10,Overcast,cloudy,
"Lierde, Vlaanderen, BelgiÃ«",2023-06-30T18:00:00,20.6,20.6,11.3,55.21,0,28.6,,0,0,36.6,24.5,254.3,1011,88,24.1,382.7,1.4,4,10,Partially cloudy,partly-cloudy-day,
"Lierde, Vlaanderen, BelgiÃ«",2023-06-30T19:00:00,20.3,20.3,11.2,55.86,0,28.6,,0,0,34.7,23,256.6,1011,76.3,24.1,359.3,1.3,4,10,Partially cloudy,partly-cloudy-day,
"Lierde, Vlaanderen, BelgiÃ«",2023-06-30T20:00:00,20,20,11.1,56.52,0,28.6,,0,0,32.8,21.6,258.9,1011,64.7,24.1,336,1.2,3,10,Partially cloudy,partly-cloudy-day,
"Lierde, Vlaanderen, BelgiÃ«",2023-06-30T21:00:00,18.3,18.3,11.1,62.84,0,28.6,,0,0,33.1,19.1,243,1011,76.5,24.1,240.3,0.9,2,10,Partially cloudy,partly-cloudy-day,
"Lierde, Vlaanderen, BelgiÃ«",2023-06-30T22:00:00,16.6,16.6,11.1,69.96,0,28.6,,0,0,33.5,16.6,227,1011,88.2,24.1,144.7,0.5,1,10,Partially cloudy,partly-cloudy-day,
"Lierde, Vlaanderen, BelgiÃ«",2023-06-30T23:00:00,14.9,14.9,11.1,78,0,28.6,,0,0,33.8,14,211.1,1011,100,24.1,49,0.2,0,10,Overcast,cloudy,
"Lierde, Vlaanderen, BelgiÃ«",2023-07-01T00:00:00,15.1,15.1,11.6,79.77,0,28.6,,0,0,36.7,15.8,209.9,1010.3,100,24.1,32.7,0.1,0,10,Overcast,cloudy,
"Lierde, Vlaanderen, BelgiÃ«",2023-07-01T01:00:00,15.3,15.3,12.1,81.57,0,28.6,,0,0,39.6,17.6,208.6,1009.7,100,24.1,16.3,0.1,0,10,Overcast,cloudy,
"Lierde, Vlaanderen, BelgiÃ«",2023-07-01T02:00:00,15.5,15.5,12.7,83.4,0.1,28.6,rain,0,0,42.5,19.4,207.4,1009,100,24.1,0,0,0,10,Overcast,cloudy,
"Lierde, Vlaanderen, BelgiÃ«",2023-07-01T03:00:00,15.3,15.3,13,86.34,0,23.8,,0,0,47.2,22.3,207.5,1008.3,100,24.1,0,0,0,10,Overcast,cloudy,
"Lierde, Vlaanderen, BelgiÃ«",2023-07-01T04:00:00,15.1,15.1,13.3,89.38,0,23.8,,0,0,51.8,25.2,207.5,1007.7,100,24.1,0,0,0,10,Overcast,cloudy,
"Lierde, Vlaanderen, BelgiÃ«",2023-07-01T05:00:00,14.9,14.9,13.7,92.53,0.7,23.8,rain,0,0,56.5,28.1,207.6,1007,100,24.1,0,0,0,10,Overcast,cloudy,
"Lierde, Vlaanderen, BelgiÃ«",2023-07-01T06:00:00,15.1,15.1,13.9,92.54,0,23.8,,0,0,56,28.8,210.6,1006.7,100,19.7,0.7,0,0,10,Overcast,cloudy,
"Lierde, Vlaanderen, BelgiÃ«",2023-07-01T07:00:00,15.3,15.3,14.1,92.55,0,23.8,,0,0,55.6,29.5,213.5,1006.3,100,15.2,1.3,0,0,10,Overcast,cloudy,
"Lierde, Vlaanderen, BelgiÃ«",2023-07-01T08:00:00,15.6,15.6,14.4,92.57,0.8,23.8,rain,0,0,55.1,30.2,216.5,1006,100,10.8,2,0,0,10,Overcast,cloudy,
"Lierde, Vlaanderen, BelgiÃ«",2023-07-01T09:00:00,15.6,15.6,14.5,93.17,0,42.9,,0,0,56,30.7,215.5,1005.7,100,10.1,5.7,0,0,10,Overcast,cloudy,
"Lierde, Vlaanderen, BelgiÃ«",2023-07-01T10:00:00,15.6,15.6,14.6,93.77,0,42.9,,0,0,57,31.2,214.4,1005.3,100,9.5,9.3,0,0,10,Overcast,cloudy,
"Lierde, Vlaanderen, BelgiÃ«",2023-07-01T11:00:00,15.7,15.7,14.8,94.38,3,42.9,rain,0,0,58,31.7,213.4,1005,100,8.8,13,0,0,10,Overcast,cloudy,
"Lierde, Vlaanderen, BelgiÃ«",2023-07-01T12:00:00,15.8,15.8,14.9,94.39,0,42.9,,0,0,59.6,32.3,215.1,1005,100,10,18,0,0,10,Overcast,cloudy,
"Lierde, Vlaanderen, BelgiÃ«",2023-07-01T13:00:00,15.9,15.9,14.9,94.39,0,42.9,,0,0,61.3,32.9,216.9,1005,100,11.1,23,0.1,0,10,Overcast,cloudy,
"Lierde, Vlaanderen, BelgiÃ«",2023-07-01T14:00:00,16,16,15.1,94.4,2.9,42.9,rain,0,0,63,33.5,218.6,1005,100,12.3,28,0.1,0,10,Overcast,cloudy,
"Lierde, Vlaanderen, BelgiÃ«",2023-07-01T15:00:00,16.1,16.1,15.1,93.4,0,61.9,rain,0,0,61.8,33,220.5,1005,100,16.2,28.7,0.1,0,10,"Rain, Overcast",rain,
"Lierde, Vlaanderen, BelgiÃ«",2023-07-01T16:00:00,16.3,16.3,15.1,92.41,0,61.9,rain,0,0,60.6,32.5,222.5,1005,100,20.2,29.3,0.1,0,10,"Rain, Overcast",rain,
"Lierde, Vlaanderen, BelgiÃ«",2023-07-01T17:00:00,16.5,16.5,15.1,91.43,0.6,61.9,rain,0,0,59.4,32,224.4,1005,100,24.1,30,0.1,0,10,"Rain, Overcast",rain,
"Lierde, Vlaanderen, BelgiÃ«",2023-07-01T18:00:00,16.6,16.6,15.1,90.86,0,61.9,rain,0,0,58,31.3,224.8,1005,100,24.1,26.3,0.1,0,10,"Rain, Overcast",rain,
"Lierde, Vlaanderen, BelgiÃ«",2023-07-01T19:00:00,16.8,16.8,15.2,90.29,0,61.9,rain,0,0,56.5,30.6,225.1,1005,100,24.1,22.7,0.1,0,10,"Rain, Overcast",rain,
"Lierde, Vlaanderen, BelgiÃ«",2023-07-01T20:00:00,17,17,15.3,89.72,0.2,61.9,rain,0,0,55.1,29.9,225.5,1005,100,24.1,19,0.1,0,10,"Rain, Overcast",rain,
"Lierde, Vlaanderen, BelgiÃ«",2023-07-01T21:00:00,17.1,17.1,15.2,88.59,0,33.3,,0,0,53.6,29.5,224.8,1005,100,24.1,14,0.1,0,10,Overcast,cloudy,
"Lierde, Vlaanderen, BelgiÃ«",2023-07-01T22:00:00,17.2,17.2,15.1,87.47,0,33.3,,0,0,52.2,29.2,224.2,1005,100,24.1,9,0,0,10,Overcast,cloudy,
"Lierde, Vlaanderen, BelgiÃ«",2023-07-01T23:00:00,17.4,17.4,15.1,86.36,0,33.3,,0,0,50.8,28.8,223.5,1005,100,24.1,4,0,0,10,Overcast,cloudy,
"Lierde, Vlaanderen, BelgiÃ«",2023-07-02T00:00:00,17.5,17.5,15,85.64,0,33.3,,0,0,51.2,28.4,221.2,1004.7,100,24.1,2.7,0,0,10,Overcast,cloudy,
"Lierde, Vlaanderen, BelgiÃ«",2023-07-02T01:00:00,17.6,17.6,15,84.92,0,33.3,,0,0,51.7,28.1,218.9,1004.3,100,24.1,1.3,0,0,10,Overcast,cloudy,
"Lierde, Vlaanderen, BelgiÃ«",2023-07-02T02:00:00,17.7,17.7,15,84.2,0,33.3,rain,0,0,52.2,27.7,216.6,1004,100,24.1,0,0,0,10,Overcast,cloudy,
"Lierde, Vlaanderen, BelgiÃ«",2023-07-02T03:00:00,17.5,17.5,15.1,85.64,0,28.6,,0,0,53.6,28.7,214.5,1003.7,100,21.5,0,0,0,10,Overcast,cloudy,
"Lierde, Vlaanderen, BelgiÃ«",2023-07-02T04:00:00,17.4,17.4,15.2,87.11,0,28.6,,0,0,55.1,29.6,212.5,1003.3,100,18.9,0,0,0,10,Overcast,cloudy,
"Lierde, Vlaanderen, BelgiÃ«",2023-07-02T05:00:00,17.3,17.3,15.4,88.6,0.7,28.6,rain,0,0,56.5,30.6,210.4,1003,100,16.3,0,0,0,10,Overcast,cloudy,
"Lierde, Vlaanderen, BelgiÃ«",2023-07-02T06:00:00,17.2,17.2,15.5,89.93,0,28.6,,0,0,56.3,30.7,211,1003,98.5,14.8,5.3,0,0,10,Overcast,cloudy,
"Lierde, Vlaanderen, BelgiÃ«",2023-07-02T07:00:00,17.1,17.1,15.6,91.28,0,28.6,,0,0,56,30.8,211.7,1003,97,13.3,10.7,0.1,0,10,Overcast,cloudy,
"Lierde, Vlaanderen, BelgiÃ«",2023-07-02T08:00:00,17,17,15.8,92.64,1.2,28.6,rain,0,0,55.8,31,212.3,1003,95.5,11.8,16,0.1,0,10,Overcast,cloudy,
"Lierde, Vlaanderen, BelgiÃ«",2023-07-02T09:00:00,17.1,17.1,15.8,92.26,0,19,,0,0,55,30.7,214.4,1003,97,15.9,25.3,0.1,0,10,Overcast,cloudy,
"Lierde, Vlaanderen, BelgiÃ«",2023-07-02T10:00:00,17.2,17.2,15.8,91.87,0,19,,0,0,54.1,30.5,216.4,1003,98.5,20,34.7,0.2,0,10,Overcast,cloudy,
"Lierde, Vlaanderen, BelgiÃ«",2023-07-02T11:00:00,17.3,17.3,15.9,91.49,0.6,19,rain,0,0,53.3,30.2,218.5,1003,100,24.1,44,0.2,0,10,Overcast,cloudy,
"Lierde, Vlaanderen, BelgiÃ«",2023-07-02T12:00:00,17.7,17.7,16.1,89.97,0,19,,0,0,53,30.6,220.2,1003.3,98.6,19,68.3,0.3,1,10,Overcast,cloudy,
"Lierde, Vlaanderen, BelgiÃ«",2023-07-02T13:00:00,18.2,18.2,16.3,88.49,0,19,,0,0,52.8,31,221.8,1003.7,97.1,14,92.7,0.3,1,10,Overcast,cloudy,
"Lierde, Vlaanderen, BelgiÃ«",2023-07-02T14:00:00,18.7,18.7,16.5,87.04,1.7,19,rain,0,0,52.6,31.3,223.5,1004,95.7,8.9,117,0.4,1,10,Overcast,cloudy,
"Lierde, Vlaanderen, BelgiÃ«",2023-07-02T15:00:00,18.2,18.2,16.5,89.63,0,33.3,,0,0,47.9,25.1,230.8,1003.7,97.1,12.9,125.7,0.4,1,10,Overcast,cloudy,
"Lierde, Vlaanderen, BelgiÃ«",2023-07-02T16:00:00,17.7,17.7,16.5,92.29,0,33.3,,0,0,43.2,18.8,238.2,1003.3,98.6,16.9,134.3,0.5,1,10,Overcast,cloudy,
"Lierde, Vlaanderen, BelgiÃ«",2023-07-02T17:00:00,17.3,17.3,16.5,95.05,3.5,33.3,rain,0,0,38.5,12.6,245.5,1003,100,20.9,143,0.5,1,10,Overcast,cloudy,
"Lierde, Vlaanderen, BelgiÃ«",2023-07-02T18:00:00,16.7,16.7,16,95.64,0,33.3,,0,0,30.2,11.5,261.8,1003,100,17.7,102.3,0.4,1,10,Overcast,cloudy,
"Lierde, Vlaanderen, BelgiÃ«",2023-07-02T19:00:00,16.2,16.2,15.6,96.24,0,33.3,,0,0,22,10.4,278.1,1003,100,14.5,61.7,0.2,1,10,Overcast,cloudy,
"Lierde, Vlaanderen, BelgiÃ«",2023-07-02T20:00:00,15.7,15.7,15.2,96.84,5.4,33.3,rain,0,0,13.7,9.4,294.4,1003,100,11.3,21,0.1,0,10,Overcast,cloudy,
"Lierde, Vlaanderen, BelgiÃ«",2023-07-02T21:00:00,15,15,14.6,97.46,0,19,,0,0,13.1,8.2,257.1,1003,100,15.6,15,0.1,0,10,Overcast,cloudy,
"Lierde, Vlaanderen, BelgiÃ«",2023-07-02T22:00:00,14.4,14.4,14.1,98.08,0,19,,0,0,12.5,7,219.8,1003,100,19.8,9,0,0,10,Overcast,cloudy,
"Lierde, Vlaanderen, BelgiÃ«",2023-07-02T23:00:00,13.8,13.8,13.6,98.71,3.2,19,rain,0,0,11.9,5.8,182.5,1003,100,24.1,3,0,0,10,Overcast,cloudy,
"Lierde, Vlaanderen, BelgiÃ«",2023-07-03T00:00:00,13.8,13.8,13.4,97.86,0,19,,0,0,18,8.2,206.3,1003.3,100,24.1,2,0,0,10,Overcast,cloudy,
"Lierde, Vlaanderen, BelgiÃ«",2023-07-03T01:00:00,13.8,13.8,13.4,97.01,0,19,,0,0,24.1,10.6,230.1,1003.7,100,24.1,1,0,0,10,Overcast,cloudy,
"Lierde, Vlaanderen, BelgiÃ«",2023-07-03T02:00:00,13.9,13.9,13.3,96.17,1.1,19,rain,0,0,30.2,13,253.9,1004,100,24.1,0,0,0,10,Overcast,cloudy,
"Lierde, Vlaanderen, BelgiÃ«",2023-07-03T03:00:00,13,13,12.5,96.78,0,14.3,,0,0,28.1,12,245.6,1004.3,75.1,24.1,0,0,0,10,Partially cloudy,partly-cloudy-night,
"Lierde, Vlaanderen, BelgiÃ«",2023-07-03T04:00:00,12.1,12.1,11.7,97.4,0,14.3,,0,0,25.9,11,237.2,1004.7,50.1,24.1,0,0,0,10,Partially cloudy,partly-cloudy-night,
"Lierde, Vlaanderen, BelgiÃ«",2023-07-03T05:00:00,11.3,11.3,11,98.03,0,14.3,,0,0,23.8,10.1,228.9,1005,25.2,24.1,0,0,0,10,Partially cloudy,partly-cloudy-night,
"Lierde, Vlaanderen, BelgiÃ«",2023-07-03T06:00:00,11.8,11.8,11.1,95.48,0,14.3,,0,0,26.5,12,225.3,1005,46.3,24.1,20.3,0.1,0,10,Partially cloudy,partly-cloudy-day,
"Lierde, Vlaanderen, BelgiÃ«",2023-07-03T07:00:00,12.3,12.3,11.2,93,0,14.3,,0,0,29.3,13.9,221.7,1005,67.3,24.1,40.7,0.1,0,10,Partially cloudy,partly-cloudy-day,
"Lierde, Vlaanderen, BelgiÃ«",2023-07-03T08:00:00,12.9,12.9,11.4,90.6,0,14.3,,0,0,32,15.8,218.1,1005,88.4,24.1,61,0.2,1,10,Partially cloudy,partly-cloudy-day,
"Lierde, Vlaanderen, BelgiÃ«",2023-07-03T09:00:00,14.6,14.6,11.4,81.3,0,23.8,,0,0,32.6,18.4,219,1005.3,88.5,24.1,170.7,0.6,2,10,Partially cloudy,partly-cloudy-day,
"Lierde, Vlaanderen, BelgiÃ«",2023-07-03T10:00:00,16.3,16.3,11.4,73.07,0,23.8,,0,0,33.2,20.9,219.8,1005.7,88.6,24.1,280.3,1,3,10,Partially cloudy,partly-cloudy-day,
"Lierde, Vlaanderen, BelgiÃ«",2023-07-03T11:00:00,18,18,11.5,65.76,0,23.8,,0,0,33.8,23.4,220.7,1006,88.7,24.1,390,1.4,4,10,Partially cloudy,partly-cloudy-day,
"Lierde, Vlaanderen, BelgiÃ«",2023-07-03T12:00:00,19.3,19.3,11.5,60.62,0,23.8,,0,0,35.3,24.2,221.6,1006,91.4,24.1,511.3,1.8,5,10,Overcast,cloudy,
"Lierde, Vlaanderen, BelgiÃ«",2023-07-03T13:00:00,20.6,20.6,11.5,55.93,0,23.8,,0,0,36.7,25.1,222.5,1006,94.1,24.1,632.7,2.3,6,10,Overcast,cloudy,
"Lierde, Vlaanderen, BelgiÃ«",2023-07-03T14:00:00,21.9,21.9,11.5,51.64,0,23.8,,0,0,38.2,25.9,223.4,1006,96.8,24.1,754,2.7,8,10,Overcast,cloudy,
"Lierde, Vlaanderen, BelgiÃ«",2023-07-03T15:00:00,21.4,21.4,11.9,54.56,0,23.8,,0,0,35.6,23.3,235.5,1006,79.2,24.1,602.3,2.2,6,10,Partially cloudy,partly-cloudy-day,
"Lierde, Vlaanderen, BelgiÃ«",2023-07-03T16:00:00,20.9,20.9,12.3,57.64,0,23.8,,0,0,33.1,20.6,247.7,1006,61.7,24.1,450.7,1.6,5,10,Partially cloudy,partly-cloudy-day,
"Lierde, Vlaanderen, BelgiÃ«",2023-07-03T17:00:00,20.5,20.5,12.7,60.9,0,23.8,,0,0,30.6,18,259.8,1006,44.1,24.1,299,1.1,3,10,Partially cloudy,partly-cloudy-day,
"Lierde, Vlaanderen, BelgiÃ«",2023-07-03T18:00:00,19.5,19.5,13.6,68.43,0,23.8,,0,0,23.3,14.3,226,1005.7,58,24.1,268.3,1,3,10,Partially cloudy,partly-cloudy-day,
"Lierde, Vlaanderen, BelgiÃ«",2023-07-03T19:00:00,18.6,18.6,14.5,76.89,0,23.8,,0,0,16,10.6,192.3,1005.3,71.9,24.1,237.7,0.8,2,10,Partially cloudy,partly-cloudy-day,
"Lierde, Vlaanderen, BelgiÃ«",2023-07-03T20:00:00,17.7,17.7,15.4,86.39,1.3,23.8,rain,0,0,8.6,6.8,158.5,1005,85.8,24.1,207,0.7,2,10,Partially cloudy,partly-cloudy-day,
"Lierde, Vlaanderen, BelgiÃ«",2023-07-03T21:00:00,17,17,15.2,89.15,0,28.6,,0,0,8.3,7,174.8,1005,65.8,18.8,154,0.5,2,10,Partially cloudy,partly-cloudy-day,
"Lierde, Vlaanderen, BelgiÃ«",2023-07-03T22:00:00,16.3,16.3,15,92.02,0,28.6,,0,0,7.9,7.1,191.1,1005,45.8,13.5,101,0.4,1,10,Partially cloudy,partly-cloudy-day,
"Lierde, Vlaanderen, BelgiÃ«",2023-07-03T23:00:00,15.7,15.7,14.9,94.99,2.4,28.6,rain,0,0,7.6,7.2,207.4,1005,25.8,8.2,48,0.2,0,10,Partially cloudy,partly-cloudy-night,
"Lierde, Vlaanderen, BelgiÃ«",2023-07-04T00:00:00,14.8,14.8,14.1,95.78,0,28.6,,0,0,10.4,7.8,230.8,1005.3,38.5,13.5,32,0.1,0,10,Partially cloudy,partly-cloudy-night,
"Lierde, Vlaanderen, BelgiÃ«",2023-07-04T01:00:00,13.9,13.9,13.4,96.59,0,28.6,,0,0,13.3,8.4,254.1,1005.7,51.3,18.8,16,0.1,0,10,Partially cloudy,partly-cloudy-night,
"Lierde, Vlaanderen, BelgiÃ«",2023-07-04T02:00:00,13.1,13.1,12.7,97.42,0.6,28.6,rain,0,0,16.2,9,277.5,1006,64,24.1,0,0,0,10,Partially cloudy,partly-cloudy-night,
"Lierde, Vlaanderen, BelgiÃ«",2023-07-04T03:00:00,12.8,12.8,12.4,97.62,0,23.8,,0,0,18.1,9.4,257.6,1006.3,76,24.1,0,0,0,10,Partially cloudy,partly-cloudy-night,
"Lierde, Vlaanderen, BelgiÃ«",2023-07-04T04:00:00,12.5,12.5,12.1,97.83,0,23.8,,0,0,20,9.7,237.7,1006.7,88,24.1,0,0,0,10,Partially cloudy,partly-cloudy-night,
"Lierde, Vlaanderen, BelgiÃ«",2023-07-04T05:00:00,12.2,12.2,11.9,98.04,0,23.8,,0,0,22,10.1,217.8,1007,100,24.1,0,0,0,10,Overcast,cloudy,
"Lierde, Vlaanderen, BelgiÃ«",2023-07-04T06:00:00,12.7,12.7,12.1,95.93,0,23.8,,0,0,26.4,12.2,220,1007.3,100,24.1,18,0.1,0,10,Overcast,cloudy,
"Lierde, Vlaanderen, BelgiÃ«",2023-07-04T07:00:00,13.2,13.2,12.3,93.87,0,23.8,,0,0,30.8,14.4,222.2,1007.7,100,24.1,36,0.1,0,10,Overcast,cloudy,
"Lierde, Vlaanderen, BelgiÃ«",2023-07-04T08:00:00,13.8,13.8,12.5,91.86,0,23.8,,0,0,35.3,16.6,224.4,1008,100,24.1,54,0.2,1,10,Overcast,cloudy,
"Lierde, Vlaanderen, BelgiÃ«",2023-07-04T09:00:00,15,15,12.1,82.98,0,33.3,,0,0,33.4,18.8,228.6,1008.3,70.6,24.1,173.7,0.6,2,10,Partially cloudy,partly-cloudy-day,
"Lierde, Vlaanderen, BelgiÃ«",2023-07-04T10:00:00,16.2,16.2,11.8,75.02,0,33.3,,0,0,31.4,21.1,232.9,1008.7,41.2,24.1,293.3,1.1,3,10,Partially cloudy,partly-cloudy-day,
"Lierde, Vlaanderen, BelgiÃ«",2023-07-04T11:00:00,17.5,17.5,11.5,67.86,0.2,33.3,rain,0,0,29.5,23.4,237.1,1009,11.8,24.1,413,1.5,4,10,Clear,clear-day,
"Lierde, Vlaanderen, BelgiÃ«",2023-07-04T12:00:00,18.2,18.2,11.1,63.52,0,33.3,,0,0,31.1,25,240.3,1009,41.2,23.2,524.7,1.9,5,10,Partially cloudy,partly-cloudy-day,
"Lierde, Vlaanderen, BelgiÃ«",2023-07-04T13:00:00,18.9,18.9,10.8,59.46,0,33.3,,0,0,32.6,26.5,243.6,1009,70.6,22.4,636.3,2.3,6,10,Partially cloudy,partly-cloudy-day,
"Lierde, Vlaanderen, BelgiÃ«",2023-07-04T14:00:00,19.6,19.6,10.5,55.68,0.8,33.3,rain,0,0,34.2,28.1,246.8,1009,100,21.5,748,2.7,7,10,Overcast,cloudy,
"Lierde, Vlaanderen, BelgiÃ«",2023-07-04T15:00:00,19.9,19.9,10.3,53.82,0,23.8,,0,0,35.6,27.7,250.9,1009.3,90.2,22.4,643.7,2.3,6,10,Overcast,cloudy,
"Lierde, Vlaanderen, BelgiÃ«",2023-07-04T16:00:00,20.3,20.3,10.1,52.03,0,23.8,,0,0,37.1,27.4,254.9,1009.7,80.3,23.2,539.3,2,5,10,Partially cloudy,partly-cloudy-day,
"Lierde, Vlaanderen, BelgiÃ«",2023-07-04T17:00:00,20.7,20.7,10,50.31,0.3,23.8,rain,0,0,38.5,27,259,1010,70.5,24.1,435,1.6,4,10,Partially cloudy,partly-cloudy-day,
"Lierde, Vlaanderen, BelgiÃ«",2023-07-04T18:00:00,19.9,19.9,10.1,52.99,0,23.8,,0,0,38.6,26,256,1010.3,48.7,24.1,414.7,1.5,4,10,Partially cloudy,partly-cloudy-day,
"Lierde, Vlaanderen, BelgiÃ«",2023-07-04T19:00:00,19.2,19.2,10.2,55.83,0,23.8,,0,0,38.8,25.1,253,1010.7,26.8,24.1,394.3,1.4,4,10,Partially cloudy,partly-cloudy-day,
"Lierde, Vlaanderen, BelgiÃ«",2023-07-04T20:00:00,18.5,18.5,10.3,58.84,0,23.8,,0,0,38.9,24.1,250,1011,5,24.1,374,1.3,4,10,Clear,clear-day,
"Lierde, Vlaanderen, BelgiÃ«",2023-07-04T21:00:00,16.7,16.7,10.2,65.34,0,14.3,,0,0,36.6,20.5,242.6,1011.3,3.3,24.1,268,0.9,3,10,Clear,clear-day,
"Lierde, Vlaanderen, BelgiÃ«",2023-07-04T22:00:00,14.9,14.9,10.1,72.66,0,14.3,,0,0,34.3,16.9,235.3,1011.7,1.7,24.1,162,0.6,2,10,Clear,clear-day,
"Lierde, Vlaanderen, BelgiÃ«",2023-07-04T23:00:00,13.2,13.2,10,80.94,0,14.3,,0,0,32,13.3,227.9,1012,0,24.1,56,0.2,0,10,Clear,clear-night,
"Lierde, Vlaanderen, BelgiÃ«",2023-07-05T00:00:00,12.5,12.5,10.1,85.3,0,14.3,,0,0,33.4,13.7,221.6,1012,1.7,24.1,37.3,0.1,0,10,Clear,clear-night,
"Lierde, Vlaanderen, BelgiÃ«",2023-07-05T01:00:00,11.8,11.8,10.2,89.93,0,14.3,,0,0,34.7,14,215.4,1012,3.3,24.1,18.7,0.1,0,10,Clear,clear-night,
"Lierde, Vlaanderen, BelgiÃ«",2023-07-05T02:00:00,11.2,11.2,10.4,94.82,0,14.3,,0,0,36,14.4,209.1,1012,5,24.1,0,0,0,10,Clear,clear-night,
"Lierde, Vlaanderen, BelgiÃ«",2023-07-05T03:00:00,11.2,11.2,10.4,94.82,0,4.8,,0,0,36.4,14.5,207.6,1011.7,34.8,24.1,0,0,0,10,Partially cloudy,partly-cloudy-night,
"Lierde, Vlaanderen, BelgiÃ«",2023-07-05T04:00:00,11.3,11.3,10.5,94.82,0,4.8,,0,0,36.7,14.6,206.2,1011.3,64.7,24.1,0,0,0,10,Partially cloudy,partly-cloudy-night,
"Lierde, Vlaanderen, BelgiÃ«",2023-07-05T05:00:00,11.4,11.4,10.6,94.83,0,4.8,,0,0,37.1,14.8,204.7,1011,94.5,24.1,0,0,0,10,Overcast,cloudy,
"Lierde, Vlaanderen, BelgiÃ«",2023-07-05T06:00:00,12,12,10.8,91.96,0,4.8,,0,0,37.1,16.6,209.4,1011,96.3,24.1,21.7,0.1,0,10,Overcast,cloudy,
"Lierde, Vlaanderen, BelgiÃ«",2023-07-05T07:00:00,12.7,12.7,11,89.2,0,4.8,,0,0,37.1,18.4,214.2,1011,98.2,24.1,43.3,0.1,0,10,Overcast,cloudy,
"Lierde, Vlaanderen, BelgiÃ«",2023-07-05T08:00:00,13.4,13.4,11.2,86.54,0,4.8,,0,0,37.1,20.2,218.9,1011,100,24.1,65,0.2,1,10,Overcast,cloudy,
"Lierde, Vlaanderen, BelgiÃ«",2023-07-05T09:00:00,15,15,10.9,76.66,0,4.8,,0,0,35,21.1,225.3,1011.3,100,24.1,181.3,0.6,2,10,Overcast,cloudy,
"Lierde, Vlaanderen, BelgiÃ«",2023-07-05T10:00:00,16.6,16.6,10.7,67.99,0,4.8,,0,0,33,22.1,231.8,1011.7,100,24.1,297.7,1.1,3,10,Overcast,cloudy,
"Lierde, Vlaanderen, BelgiÃ«",2023-07-05T11:00:00,18.3,18.3,10.5,60.38,0,4.8,,0,0,31,23,238.2,1012,100,24.1,414,1.5,4,10,Overcast,cloudy,
"Lierde, Vlaanderen, BelgiÃ«",2023-07-05T12:00:00,18.3,18.3,10.9,62.16,0,4.8,,0,0,31.3,23.9,242.2,1012,95.5,19.9,480.7,1.7,5,10,Overcast,cloudy,
"Lierde, Vlaanderen, BelgiÃ«",2023-07-05T13:00:00,18.3,18.3,11.4,63.98,0,4.8,,0,0,31.7,24.7,246.3,1012,91.1,15.7,547.3,2,5,10,Overcast,cloudy,
"Lierde, Vlaanderen, BelgiÃ«",2023-07-05T14:00:00,18.4,18.4,11.9,65.84,1.2,4.8,rain,0,0,32,25.6,250.3,1012,86.6,11.5,614,2.2,6,10,Partially cloudy,partly-cloudy-day,
"Lierde, Vlaanderen, BelgiÃ«",2023-07-05T15:00:00,18.7,18.7,11.2,61.84,0,9.5,,0,0,29.8,23.5,244.8,1011.7,65.2,15.7,557.3,2,6,10,Partially cloudy,partly-cloudy-day,
"Lierde, Vlaanderen, BelgiÃ«",2023-07-05T16:00:00,19,19,10.6,58.07,0,9.5,,0,0,27.5,21.5,239.3,1011.3,43.8,19.9,500.7,1.8,5,10,Partially cloudy,partly-cloudy-day,
"Lierde, Vlaanderen, BelgiÃ«",2023-07-05T17:00:00,19.4,19.4,10,54.52,0.4,9.5,rain,0,0,25.2,19.4,233.8,1011,22.4,24.1,444,1.6,4,10,Partially cloudy,partly-cloudy-day,
"Lierde, Vlaanderen, BelgiÃ«",2023-07-05T18:00:00,18.9,18.9,10.8,59.33,0,9.5,,0,0,24.6,18,234.5,1011,16.6,24.1,444,1.6,4,10,Clear,clear-day,
"Lierde, Vlaanderen, BelgiÃ«",2023-07-05T19:00:00,18.4,18.4,11.6,64.55,0,9.5,,0,0,24,16.6,235.3,1011,10.8,24.1,444,1.6,4,10,Clear,clear-day,
"Lierde, Vlaanderen, BelgiÃ«",2023-07-05T20:00:00,17.9,17.9,12.4,70.22,0.5,9.5,rain,0,0,23.4,15.1,236,1011,5,24.1,444,1.6,4,10,Clear,clear-day,
"Lierde, Vlaanderen, BelgiÃ«",2023-07-05T21:00:00,16.2,16.2,12,76.18,0,9.5,,0,0,20.5,13.7,235.3,1011,25.5,22.3,314.3,1.1,3,10,Partially cloudy,partly-cloudy-day,
"Lierde, Vlaanderen, BelgiÃ«",2023-07-05T22:00:00,14.6,14.6,11.7,82.75,0,9.5,,0,0,17.6,12.2,234.5,1011,45.9,20.6,184.7,0.7,0,10,Partially cloudy,partly-cloudy-night,
"Lierde, Vlaanderen, BelgiÃ«",2023-07-05T23:00:00,13,13,11.4,90.01,0.4,9.5,rain,0,0,14.8,10.8,233.8,1011,66.4,18.8,55,0.2,0,10,Partially cloudy,partly-cloudy-night,
"Lierde, Vlaanderen, BelgiÃ«",2023-07-06T00:00:00,12.5,12.5,11,90.57,0,9.5,,0,0,14.6,10.8,234,1011,73.5,20.6,36.7,0.1,0,10,Partially cloudy,partly-cloudy-night,
"Lierde, Vlaanderen, BelgiÃ«",2023-07-06T01:00:00,12,12,10.6,91.14,0,9.5,,0,0,14.5,10.8,234.2,1011,80.5,22.3,18.3,0.1,0,10,Partially cloudy,partly-cloudy-night,
"Lierde, Vlaanderen, BelgiÃ«",2023-07-06T02:00:00,11.5,11.5,10.2,91.72,0.1,9.5,rain,0,0,14.4,10.8,234.4,1011,87.6,24.1,0,0,0,10,Partially cloudy,partly-cloudy-night,
"Lierde, Vlaanderen, BelgiÃ«",2023-07-06T03:00:00,11,11,9.8,92.31,0,14.3,,0,0,15.4,11,229.2,1011,58.4,24.1,0,0,0,10,Partially cloudy,partly-cloudy-night,
"Lierde, Vlaanderen, BelgiÃ«",2023-07-06T04:00:00,10.5,10.5,9.4,92.9,0,14.3,,0,0,16.3,11.3,223.9,1011,29.2,24.1,0,0,0,10,Partially cloudy,partly-cloudy-night,
"Lierde, Vlaanderen, BelgiÃ«",2023-07-06T05:00:00,10.1,10.1,9.1,93.51,0,14.3,,0,0,17.3,11.5,218.7,1011,0,24.1,0,0,0,10,Clear,clear-night,
"Lierde, Vlaanderen, BelgiÃ«",2023-07-06T06:00:00,11.1,11.1,9.7,91.29,0,14.3,,0,0,18.7,12.2,220.1,1011.3,0,24.1,27.7,0.2,0,10,Clear,clear-day,
"Lierde, Vlaanderen, BelgiÃ«",2023-07-06T07:00:00,12.1,12.1,10.3,89.15,0,14.3,,0,0,20.2,13,221.5,1011.7,0,24.1,55.3,0.3,1,10,Clear,clear-day,
"Lierde, Vlaanderen, BelgiÃ«",2023-07-06T08:00:00,13.1,13.1,11,87.08,0,14.3,,0,0,21.6,13.7,222.9,1012,0,24.1,83,0.3,1,10,Clear,clear-day,
"Lierde, Vlaanderen, BelgiÃ«",2023-07-06T09:00:00,15.1,15.1,10.9,75.99,0,38.1,,0,0,21,14.5,231.2,1012.3,0.5,24.1,223,0.8,2,10,Clear,clear-day,
"Lierde, Vlaanderen, BelgiÃ«",2023-07-06T10:00:00,17.1,17.1,10.8,66.44,0,38.1,,0,0,20.4,15.4,239.6,1012.7,0.9,24.1,363,1.3,4,10,Clear,clear-day,
"Lierde, Vlaanderen, BelgiÃ«",2023-07-06T11:00:00,19.1,19.1,10.7,58.21,0,38.1,,0,0,19.8,16.2,247.9,1013,1.4,24.1,503,1.8,5,10,Clear,clear-day,
"Lierde, Vlaanderen, BelgiÃ«",2023-07-06T12:00:00,19.9,19.9,10.3,53.7,0,38.1,,0,0,20.4,16.9,255.1,1012.7,34.3,24.1,594.3,2.1,6,10,Partially cloudy,partly-cloudy-day,
"Lierde, Vlaanderen, BelgiÃ«",2023-07-06T13:00:00,20.8,20.8,9.9,49.56,0,38.1,,0,0,21,17.6,262.2,1012.3,67.1,24.1,685.7,2.5,7,10,Partially cloudy,partly-cloudy-day,
"Lierde, Vlaanderen, BelgiÃ«",2023-07-06T14:00:00,21.7,21.7,9.5,45.75,0.1,38.1,rain,0,0,21.6,18.4,269.4,1012,100,24.1,777,2.8,8,10,Overcast,cloudy,
"Lierde, Vlaanderen, BelgiÃ«",2023-07-06T15:00:00,21.1,21.1,10.3,49.97,0,23.8,,0,0,20.5,16.9,280.5,1012.3,99.3,24.1,610.7,2.2,6,10,Overcast,cloudy,
"Lierde, Vlaanderen, BelgiÃ«",2023-07-06T16:00:00,20.5,20.5,11.1,54.58,0,23.8,,0,0,19.4,15.5,291.6,1012.7,98.5,24.1,444.3,1.6,4,10,Overcast,cloudy,
"Lierde, Vlaanderen, BelgiÃ«",2023-07-06T17:00:00,20,20,11.9,59.59,0.8,23.8,rain,0,0,18.4,14,302.7,1013,97.8,24.1,278,1,3,10,Overcast,cloudy,
"Lierde, Vlaanderen, BelgiÃ«",2023-07-06T18:00:00,19.3,19.3,12.3,64.05,0,23.8,,0,0,18.5,13.2,303.3,1013,65.2,20.1,298.7,1.1,3,10,Partially cloudy,partly-cloudy-day,
"Lierde, Vlaanderen, BelgiÃ«",2023-07-06T19:00:00,18.6,18.6,12.8,68.85,0,23.8,,0,0,18.6,12.4,303.8,1013,32.6,16.2,319.3,1.1,3,10,Partially cloudy,partly-cloudy-day,
"Lierde, Vlaanderen, BelgiÃ«",2023-07-06T20:00:00,18,18,13.3,74.01,1.8,23.8,rain,0,0,18.7,11.5,304.4,1013,0,12.2,340,1.2,3,10,Clear,clear-day,
"Lierde, Vlaanderen, BelgiÃ«",2023-07-06T21:00:00,16.3,16.3,12.4,77.54,0,0,,0,0,14,9.4,302.3,1013.7,1.2,16.2,244.7,0.9,2,10,Clear,clear-day,
"Lierde, Vlaanderen, BelgiÃ«",2023-07-06T22:00:00,14.7,14.7,11.5,81.32,0,0,,0,0,9.4,7.2,300.3,1014.3,2.5,20.1,149.3,0.5,0,10,Clear,clear-night,
"Lierde, Vlaanderen, BelgiÃ«",2023-07-06T23:00:00,13.1,13.1,10.7,85.36,0.3,0,rain,0,0,4.7,5,298.2,1015,3.7,24.1,54,0.2,0,10,Clear,clear-night,
"Lierde, Vlaanderen, BelgiÃ«",2023-07-07T00:00:00,12.5,12.5,10.3,86.07,0,0,,0,0,5.3,5.5,275.7,1015,4.1,24.1,36,0.1,0,10,Clear,clear-night,
"Lierde, Vlaanderen, BelgiÃ«",2023-07-07T01:00:00,12,12,9.9,86.79,0,0,,0,0,5.9,6,253.2,1015,4.6,24.1,18,0.1,0,10,Clear,clear-night,
"Lierde, Vlaanderen, BelgiÃ«",2023-07-07T02:00:00,11.5,11.5,9.5,87.52,0,0,,0,0,6.5,6.5,230.7,1015,5,24.1,0,0,0,10,Clear,clear-night,
"Lierde, Vlaanderen, BelgiÃ«",2023-07-07T03:00:00,11.2,11.2,9.5,89.08,0,14.3,,0,0,8.4,7.6,227.2,1015,17.5,24.1,0,0,0,10,Clear,clear-night,
"Lierde, Vlaanderen, BelgiÃ«",2023-07-07T04:00:00,11,11,9.5,90.67,0,14.3,,0,0,10.3,8.6,223.6,1015,30.1,24.1,0,0,0,10,Partially cloudy,partly-cloudy-night,
"Lierde, Vlaanderen, BelgiÃ«",2023-07-07T05:00:00,10.8,10.8,9.6,92.29,0,14.3,,0,0,12.2,9.7,220.1,1015,42.6,24.1,0,0,0,10,Partially cloudy,partly-cloudy-night,
"Lierde, Vlaanderen, BelgiÃ«",2023-07-07T06:00:00,11.7,11.7,10.2,90.32,0,14.3,,0,0,14,10,222.1,1015,50.3,24.1,24.7,0.2,0,10,Partially cloudy,partly-cloudy-day,
"Lierde, Vlaanderen, BelgiÃ«",2023-07-07T07:00:00,12.6,12.6,10.8,88.41,0,14.3,,0,0,15.8,10.2,224.2,1015,58,24.1,49.3,0.3,0,10,Partially cloudy,partly-cloudy-day,
"Lierde, Vlaanderen, BelgiÃ«",2023-07-07T08:00:00,13.6,13.6,11.4,86.56,0,14.3,,0,0,17.6,10.4,226.2,1015,65.7,24.1,74,0.3,1,10,Partially cloudy,partly-cloudy-day,
"Lierde, Vlaanderen, BelgiÃ«",2023-07-07T09:00:00,14.9,14.9,11.7,81.17,0,28.6,,0,0,16.7,10.8,248.8,1015.3,71.7,21.1,182.3,0.7,2,10,Partially cloudy,partly-cloudy-day,
"Lierde, Vlaanderen, BelgiÃ«",2023-07-07T10:00:00,16.3,16.3,12.1,76.19,0,28.6,,0,0,15.7,11.2,271.3,1015.7,77.7,18.1,290.7,1,3,10,Partially cloudy,partly-cloudy-day,
"Lierde, Vlaanderen, BelgiÃ«",2023-07-07T11:00:00,17.7,17.7,12.5,71.57,0.4,28.6,rain,0,0,14.8,11.5,293.9,1016,83.7,15.1,399,1.4,4,10,Partially cloudy,partly-cloudy-day,
"Lierde, Vlaanderen, BelgiÃ«",2023-07-07T12:00:00,18,18,12.7,71.17,0,28.6,,0,0,14.5,11.9,308.7,1016.3,73.6,13.1,471,1.7,5,10,Partially cloudy,partly-cloudy-day,
"Lierde, Vlaanderen, BelgiÃ«",2023-07-07T13:00:00,18.4,18.4,13,70.78,0,28.6,,0,0,14.3,12.2,323.5,1016.7,63.4,11.1,543,1.9,5,10,Partially cloudy,partly-cloudy-day,
"Lierde, Vlaanderen, BelgiÃ«",2023-07-07T14:00:00,18.8,18.8,13.3,70.39,2.1,28.6,rain,0,0,14,12.6,338.3,1017,53.3,9.1,615,2.2,6,10,Partially cloudy,partly-cloudy-day,
"Lierde, Vlaanderen, BelgiÃ«",2023-07-07T15:00:00,19.5,19.5,12.1,62.3,0,33.3,,0,0,15.2,13.8,343.6,1017.3,49.9,14.1,654,2.3,7,10,Partially cloudy,partly-cloudy-day,
"Lierde, Vlaanderen, BelgiÃ«",2023-07-07T16:00:00,20.3,20.3,11,55.13,0,33.3,,0,0,16.4,15,348.8,1017.7,46.4,19.1,693,2.5,7,10,Partially cloudy,partly-cloudy-day,
"Lierde, Vlaanderen, BelgiÃ«",2023-07-07T17:00:00,21.1,21.1,9.9,48.76,0.6,33.3,rain,0,0,17.6,16.2,354.1,1018,43,24.1,732,2.6,7,10,Partially cloudy,partly-cloudy-day,
"Lierde, Vlaanderen, BelgiÃ«",2023-07-07T18:00:00,19.9,19.9,10,52.75,0,33.3,,0,0,19.2,17.2,236.2,1018.7,28.7,24.1,625.7,2.2,6,10,Partially cloudy,partly-cloudy-day,
"Lierde, Vlaanderen, BelgiÃ«",2023-07-07T19:00:00,18.7,18.7,10.1,57.1,0,33.3,,0,0,20.8,18.1,118.4,1019.3,14.3,24.1,519.3,1.9,5,10,Clear,clear-day,
"Lierde, Vlaanderen, BelgiÃ«",2023-07-07T20:00:00,17.6,17.6,10.2,61.85,0,33.3,,0,0,22.3,19.1,0.5,1020,0,24.1,413,1.5,4,10,Clear,clear-day,
"Lierde, Vlaanderen, BelgiÃ«",2023-07-07T21:00:00,15.3,15.3,9.5,68.03,0,19,,0,0,18.1,15.7,1,1020.7,0,24.1,293.7,1.1,3,10,Clear,clear-day,
"Lierde, Vlaanderen, BelgiÃ«",2023-07-07T22:00:00,13.1,13.1,8.8,74.99,0,19,,0,0,13.9,12.4,1.4,1021.3,0,24.1,174.3,0.6,0,10,Clear,clear-night,
"Lierde, Vlaanderen, BelgiÃ«",2023-07-07T23:00:00,10.9,10.9,8.1,82.85,0,19,,0,0,9.7,9,1.9,1022,0,24.1,55,0.2,0,10,Clear,clear-night,
"Lierde, Vlaanderen, BelgiÃ«",2023-07-08T00:00:00,10.3,10.3,7.9,85.07,0,19,,0,0,8.4,7.9,2.5,1022.3,0,24.1,36.7,0.1,0,10,Clear,clear-night,
"Lierde, Vlaanderen, BelgiÃ«",2023-07-08T01:00:00,9.8,9,7.8,87.36,0,19,,0,0,7.1,6.8,3.1,1022.7,0,24.1,18.3,0.1,0,10,Clear,clear-night,
"Lierde, Vlaanderen, BelgiÃ«",2023-07-08T02:00:00,9.3,8.7,7.7,89.73,0,19,,0,0,5.8,5.8,3.7,1023,0,24.1,0,0,0,10,Clear,clear-night,
"Lierde, Vlaanderen, BelgiÃ«",2023-07-08T03:00:00,8.9,8.4,7.4,90.11,0,14.3,,0,0,5.4,5.4,7.7,1023,0,24.1,0,0,0,10,Clear,clear-night,
"Lierde, Vlaanderen, BelgiÃ«",2023-07-08T04:00:00,8.6,8.1,7.1,90.5,0,14.3,,0,0,5,5,11.6,1023,0,24.1,0,0,0,10,Clear,clear-night,
"Lierde, Vlaanderen, BelgiÃ«",2023-07-08T05:00:00,8.3,8.3,6.9,90.89,0,14.3,,0,0,4.7,4.7,15.6,1023,0,24.1,0,0,0,10,Clear,clear-night,
"Lierde, Vlaanderen, BelgiÃ«",2023-07-08T06:00:00,9.5,9.2,7.5,87.14,0,14.3,,0,0,5.8,4.9,21.1,1023.3,0,24.1,27.7,0.2,0,10,Clear,clear-day,
"Lierde, Vlaanderen, BelgiÃ«",2023-07-08T07:00:00,10.8,10.8,8.1,83.6,0,14.3,,0,0,6.8,5.2,26.7,1023.7,0,24.1,55.3,0.3,1,10,Clear,clear-day,
"Lierde, Vlaanderen, BelgiÃ«",2023-07-08T08:00:00,12.1,12.1,8.8,80.25,0,14.3,,0,0,7.9,5.4,32.2,1024,0,24.1,83,0.3,1,10,Clear,clear-day,
"Lierde, Vlaanderen, BelgiÃ«",2023-07-08T09:00:00,13.8,13.8,8.7,71.64,0,23.8,,0,0,11.2,7.3,30.8,1024,1.5,24.1,224.7,0.8,2,10,Clear,clear-day,
"Lierde, Vlaanderen, BelgiÃ«",2023-07-08T10:00:00,15.5,15.5,8.7,64.05,0,23.8,,0,0,14.4,9.2,29.3,1024,3,24.1,366.3,1.3,4,10,Clear,clear-day,
"Lierde, Vlaanderen, BelgiÃ«",2023-07-08T11:00:00,17.2,17.2,8.7,57.35,0,23.8,,0,0,17.6,11.2,27.9,1024,4.5,24.1,508,1.8,5,10,Clear,clear-day,
"Lierde, Vlaanderen, BelgiÃ«",2023-07-08T12:00:00,18.3,18.3,8.3,52.2,0,23.8,,0,0,17.9,12.8,25.5,1024,4.6,24.1,619.3,2.2,6,10,Clear,clear-day,
"Lierde, Vlaanderen, BelgiÃ«",2023-07-08T13:00:00,19.4,19.4,7.9,47.53,0,23.8,,0,0,18.1,14.5,23.2,1024,4.8,24.1,730.7,2.6,7,10,Clear,clear-day,
"Lierde, Vlaanderen, BelgiÃ«",2023-07-08T14:00:00,20.5,20.5,7.6,43.31,0,23.8,,0,0,18.4,16.2,20.8,1024,4.9,24.1,842,3,8,10,Clear,clear-day,
"Lierde, Vlaanderen, BelgiÃ«",2023-07-08T15:00:00,20.5,20.5,7.6,43.31,0,28.6,,0,0,19.1,17.3,22.5,1023.7,4,24.1,835,3,8,10,Clear,clear-day,
"Lierde, Vlaanderen, BelgiÃ«",2023-07-08T16:00:00,20.5,20.5,7.6,43.32,0,28.6,,0,0,19.8,18.4,24.1,1023.3,3.1,24.1,828,3,8,10,Clear,clear-day,
"Lierde, Vlaanderen, BelgiÃ«",2023-07-08T17:00:00,20.6,20.6,7.7,43.33,0,28.6,,0,0,20.5,19.4,25.8,1023,2.2,24.1,821,3,8,10,Clear,clear-day,
"Lierde, Vlaanderen, BelgiÃ«",2023-07-08T18:00:00,19.8,19.8,8.2,47.21,0,28.6,,0,0,20.9,18.1,24.6,1023,1.5,24.1,699.3,2.5,7,10,Clear,clear-day,
"Lierde, Vlaanderen, BelgiÃ«",2023-07-08T19:00:00,19,19,8.7,51.45,0,28.6,,0,0,21.2,16.8,23.4,1023,0.7,24.1,577.7,2.1,6,10,Clear,clear-day,
"Lierde, Vlaanderen, BelgiÃ«",2023-07-08T20:00:00,18.2,18.2,9.3,56.07,0,28.6,,0,0,21.6,15.5,22.2,1023,0,24.1,456,1.6,5,10,Clear,clear-day,
"Lierde, Vlaanderen, BelgiÃ«",2023-07-08T21:00:00,16,16,9.1,63.61,0,23.8,,0,0,17.4,13.4,22.9,1023.3,2.2,24.1,322.3,1.1,3,10,Clear,clear-day,
"Lierde, Vlaanderen, BelgiÃ«",2023-07-08T22:00:00,13.9,13.9,9,72.31,0,23.8,,0,0,13.2,11.4,23.5,1023.7,4.4,24.1,188.7,0.7,0,10,Clear,clear-night,
"Lierde, Vlaanderen, BelgiÃ«",2023-07-08T23:00:00,11.8,11.8,8.9,82.4,0,23.8,,0,0,9,9.4,24.2,1024,6.6,24.1,55,0.2,0,10,Clear,clear-night,
